<?xml version="1.0" encoding="UTF-8"?>
<Reports programmer="Aleksey Osipov" email="aliks-os@ukr.net" lib="QtRPT">
  <Report pageWidth="840" border="0" borderStyle="" pageNo="1" marginsLeft="40" orientation="0" borderColor="" borderWidth="0" pageHeight="1188" marginsRight="40" marginsTop="40" marginsBottom="40">
    <ReportBand name="MasterDataBand" width="760" height="48" left="40" type="MasterData" top="110">
      <TContainerField aligmentV="vCenter" type="label" fontStrikeout="0" fontItalic="0" groupName="" top="1" fontFamily="MS Shell Dlg 2" borderLeft="rgba(0,0,0,255)" name="nome" height="51" format="" fontSize="10" borderTop="rgba(0,0,0,255)" left="1" textWrap="1" borderWidth="1px" borderRight="rgba(0,0,0,255)" width="130" printing="1" fontBold="0" aligmentH="hLeft" borderColor="rgba(0,0,0,255)" autoHeight="0" borderStyle="solid" value="[siape]" highlighting="" backgroundColor="rgba(255,255,255,255)" fontColor="rgba(0,0,0,255)" borderBottom="rgba(0,0,0,255)" fontUnderline="0"/>
      <TContainerField aligmentV="vCenter" type="label" fontStrikeout="0" fontItalic="0" groupName="" top="1" fontFamily="MS Shell Dlg 2" borderLeft="rgba(0,0,0,255)" name="siape" height="51" format="" fontSize="10" borderTop="rgba(0,0,0,255)" left="130" textWrap="1" borderWidth="1px" borderRight="rgba(0,0,0,255)" width="366" printing="1" fontBold="0" aligmentH="hLeft" borderColor="rgba(0,0,0,255)" autoHeight="0" borderStyle="solid" value="[nome]" highlighting="" backgroundColor="rgba(255,255,255,255)" fontColor="rgba(0,0,0,255)" borderBottom="rgba(0,0,0,255)" fontUnderline="0"/>
      <TContainerField aligmentV="vCenter" type="label" fontStrikeout="0" fontItalic="0" groupName="" top="1" fontFamily="MS Shell Dlg 2" borderLeft="rgba(0,0,0,255)" name="email" height="51" format="" fontSize="10" borderTop="rgba(0,0,0,255)" left="495" textWrap="1" borderWidth="1px" borderRight="rgba(0,0,0,255)" width="264" printing="1" fontBold="0" aligmentH="hLeft" borderColor="rgba(0,0,0,255)" autoHeight="0" borderStyle="solid" value="[email]" highlighting="" backgroundColor="rgba(255,255,255,255)" fontColor="rgba(0,0,0,255)" borderBottom="rgba(0,0,0,255)" fontUnderline="0"/>
    </ReportBand>
    <ReportBand name="MasterHeaderBand" width="760" height="48" left="40" showInGroup="0" type="MasterHeader" top="40">
      <TContainerField aligmentV="vCenter" type="label" fontStrikeout="0" fontItalic="0" groupName="" top="1" fontFamily="MS Shell Dlg 2" borderLeft="rgba(0,0,0,255)" name="field1" height="49" format="" fontSize="10" borderTop="rgba(0,0,0,255)" left="1" textWrap="1" borderWidth="1px" borderRight="rgba(0,0,0,255)" width="130" printing="1" fontBold="0" aligmentH="hCenter" borderColor="rgba(0,0,0,255)" autoHeight="0" borderStyle="solid" value="SIAPE" highlighting="" backgroundColor="rgba(255,255,255,255)" fontColor="rgba(0,0,0,255)" borderBottom="rgba(0,0,0,255)" fontUnderline="0"/>
      <TContainerField aligmentV="vCenter" type="label" fontStrikeout="0" fontItalic="0" groupName="" top="1" fontFamily="MS Shell Dlg 2" borderLeft="rgba(0,0,0,255)" name="field2" height="49" format="" fontSize="10" borderTop="rgba(0,0,0,255)" left="130" textWrap="1" borderWidth="1px" borderRight="rgba(0,0,0,255)" width="366" printing="1" fontBold="0" aligmentH="hCenter" borderColor="rgba(0,0,0,255)" autoHeight="0" borderStyle="solid" value="Nome" highlighting="" backgroundColor="rgba(255,255,255,255)" fontColor="rgba(0,0,0,255)" borderBottom="rgba(0,0,0,255)" fontUnderline="0"/>
      <TContainerField aligmentV="vCenter" type="label" fontStrikeout="0" fontItalic="0" groupName="" top="1" fontFamily="MS Shell Dlg 2" borderLeft="rgba(0,0,0,255)" name="field3" height="49" format="" fontSize="10" borderTop="rgba(0,0,0,255)" left="495" textWrap="1" borderWidth="1px" borderRight="rgba(0,0,0,255)" width="264" printing="1" fontBold="0" aligmentH="hCenter" borderColor="rgba(0,0,0,255)" autoHeight="0" borderStyle="solid" value="E-mail" highlighting="" backgroundColor="rgba(255,255,255,255)" fontColor="rgba(0,0,0,255)" borderBottom="rgba(0,0,0,255)" fontUnderline="0"/>
    </ReportBand>
  </Report>
</Reports>
