<?xml version="1.0" encoding="UTF-8"?>
<Reports email="aliks-os@ukr.net" programmer="Aleksey Osipov" lib="QtRPT">
  <Report pageNo="1" marginsRight="40" marginsBottom="40" pageHeight="1188" marginsTop="40" pageWidth="840" marginsLeft="40" orientation="0">
    <ReportBand height="20" name="MasterDataBand" width="760" left="40" top="124" type="MasterData">
      <TContainerField borderRight="rgba(0,0,0,255)" width="759" borderTop="rgba(0,0,0,255)" fontUnderline="0" fontStrikeout="0" value="[value]" highlighting="" borderColor="rgba(0,0,0,255)" borderStyle="solid" height="20" borderBottom="rgba(0,0,0,255)" format="" backgroundColor="rgba(255,255,255,0)" autoHeight="0" aligmentH="hLeft" fontSize="8" type="label" textWrap="1" top="0" fontColor="rgba(0,0,0,255)" name="field2" fontBold="0" fontItalic="0" aligmentV="vCenter" left="0" borderWidth="1px" printing="1" fontFamily="MS Shell Dlg 2" borderLeft="rgba(0,0,0,255)"/>
    </ReportBand>
    <ReportBand height="62" name="RepTitleBand" width="760" left="40" top="40" type="ReportTitle">
      <TContainerField borderRight="rgba(255,255,255,0)" width="563" borderTop="rgba(255,255,255,0)" fontUnderline="0" fontStrikeout="0" value="First datasource" highlighting="" borderColor="rgba(0,0,0,255)" borderStyle="solid" height="48" borderBottom="rgba(255,255,255,0)" format="" backgroundColor="rgba(255,255,255,0)" autoHeight="0" aligmentH="hCenter" fontSize="28" type="label" textWrap="1" top="3" fontColor="rgba(0,0,0,255)" name="field1" fontBold="1" fontItalic="0" aligmentV="vCenter" left="95" borderWidth="1px" printing="1" fontFamily="MS Shell Dlg 2" borderLeft="rgba(255,255,255,0)"/>
    </ReportBand>
  </Report>
  <Report pageNo="2" marginsRight="40" marginsBottom="40" pageHeight="840" marginsTop="40" pageWidth="1188" marginsLeft="40" orientation="1">
    <ReportBand height="55" name="RepTitleBand" width="1108" left="40" top="40" type="ReportTitle">
      <TContainerField borderRight="rgba(0,0,0,255)" width="1106" borderTop="rgba(0,0,0,255)" fontUnderline="0" fontStrikeout="0" value="Second datasource" highlighting="" borderColor="rgba(0,0,0,255)" borderStyle="solid" height="49" borderBottom="rgba(0,0,0,255)" format="" backgroundColor="rgba(255,255,255,0)" autoHeight="0" aligmentH="hCenter" fontSize="28" type="label" textWrap="1" top="0" fontColor="rgba(0,0,0,255)" name="field3" fontBold="1" fontItalic="0" aligmentV="vCenter" left="1" borderWidth="1px" printing="1" fontFamily="MS Shell Dlg 2" borderLeft="rgba(0,0,0,255)"/>
    </ReportBand>
    <ReportBand height="20" name="MasterDataBand" width="1108" left="40" top="117" type="MasterData">
      <TContainerField borderRight="rgba(0,0,0,255)" width="562" borderTop="rgba(0,0,0,255)" fontUnderline="0" fontStrikeout="0" value="[value]" highlighting="" borderColor="rgba(0,0,0,255)" borderStyle="solid" height="20" borderBottom="rgba(0,0,0,255)" format="" backgroundColor="rgba(255,255,255,0)" autoHeight="0" aligmentH="hLeft" fontSize="8" type="label" textWrap="1" top="0" fontColor="rgba(0,0,0,255)" name="field4" fontBold="0" fontItalic="0" aligmentV="vCenter" left="0" borderWidth="1px" printing="1" fontFamily="MS Shell Dlg 2" borderLeft="rgba(0,0,0,255)"/>
    </ReportBand>
  </Report>
</Reports>
