<?xml version="1.0" encoding="UTF-8"?>
<Reports email="aliks-os@yandex.ru" programmer="Aleksey Osipov" lib="QtRPT">
     <Report marginsLeft="40" pageCaption="" pageWidth="840" marginsBottom="40" marginsTop="40" pageHeight="1188" marginsRight="40" pageNo="1" orientation="0">
          <ReportBand width="760" left="40" height="706" type="ReportTitle" name="RepTitleBand" top="40">
               <TContainerField fontBold="1" fontItalic="0" borderLeft="rgba(255,255,255,0)" fontFamily="MS Shell Dlg 2" fontUnderline="0" name="field5" fontColor="rgba(0,0,0,255)" borderBottom="rgba(255,255,255,0)" backgroundColor="rgba(255,255,255,0)" value="First Name: [FirstName]" borderColor="rgba(0,0,0,255)" width="751" aligmentH="hLeft" top="60" borderTop="rgba(255,255,255,0)" borderWidth="1px" borderStyle="solid" fontSize="12" height="25" type="label" borderRight="rgba(255,255,255,0)" left="3" aligmentV="vCenter"/>
               <TContainerField fontBold="1" fontItalic="0" borderLeft="rgba(255,255,255,0)" fontFamily="MS Shell Dlg 2" fontUnderline="0" name="field16" fontColor="rgba(0,0,0,255)" borderBottom="rgba(255,255,255,0)" backgroundColor="rgba(255,255,255,0)" value="Personal Data" borderColor="rgba(0,0,0,255)" width="760" aligmentH="hCenter" top="3" borderTop="rgba(255,255,255,0)" borderWidth="1px" borderStyle="solid" fontSize="18" height="30" type="label" borderRight="rgba(255,255,255,0)" left="0" aligmentV="vCenter"/>
               <TContainerField fontBold="1" fontItalic="0" borderLeft="rgba(255,255,255,0)" fontFamily="MS Shell Dlg 2" fontUnderline="0" name="field1" fontColor="rgba(0,0,0,255)" borderBottom="rgba(255,255,255,0)" backgroundColor="rgba(255,255,255,0)" value="Last Name: [LastName]" borderColor="rgba(0,0,0,255)" width="751" aligmentH="hLeft" top="80" borderTop="rgba(255,255,255,0)" borderWidth="1px" borderStyle="solid" fontSize="12" height="25" type="label" borderRight="rgba(255,255,255,0)" left="3" aligmentV="vCenter"/>
               <TContainerField fontBold="1" fontItalic="0" borderLeft="rgba(255,255,255,0)" fontFamily="MS Shell Dlg 2" fontUnderline="0" name="field2" fontColor="rgba(0,0,0,255)" borderBottom="rgba(255,255,255,0)" backgroundColor="rgba(255,255,255,0)" value="E-mail: [Email]" borderColor="rgba(0,0,0,255)" width="751" aligmentH="hLeft" top="100" borderTop="rgba(255,255,255,0)" borderWidth="1px" borderStyle="solid" fontSize="12" height="25" type="label" borderRight="rgba(255,255,255,0)" left="3" aligmentV="vCenter"/>
          </ReportBand>
     </Report>
</Reports>
