<?xml version="1.0" encoding="UTF-8"?>
<Reports programmer="Aleksey Osipov" email="aliks-os@ukr.net" lib="QtRPT">
  <Report marginsRight="40" pageHeight="1188" marginsTop="40" marginsBottom="40" borderStyle="" marginsLeft="40" border="0" borderColor="" pageNo="1" pageWidth="840" orientation="0" borderWidth="0">
    <ReportBand left="40" type="MasterData" height="48" name="MasterDataBand" top="110" width="760">
      <TContainerField backgroundColor="rgba(255,255,255,255)" aligmentV="vCenter" fontFamily="MS Shell Dlg 2" borderLeft="rgba(0,0,0,255)" groupName="" fontUnderline="0" fontStrikeout="0" borderWidth="1px" borderTop="rgba(0,0,0,255)" borderRight="rgba(0,0,0,255)" type="label" fontSize="10" textWrap="1" highlighting="" name="nome" autoHeight="0" borderColor="rgba(0,0,0,255)" borderStyle="solid" left="1" aligmentH="hLeft" width="130" borderBottom="rgba(0,0,0,255)" printing="1" fontBold="0" value="                               " fontColor="rgba(0,0,0,255)" height="46" format="" fontItalic="0" top="1"/>
      <TContainerField backgroundColor="rgba(255,255,255,255)" aligmentV="vCenter" fontFamily="MS Shell Dlg 2" borderLeft="rgba(0,0,0,255)" groupName="" fontUnderline="0" fontStrikeout="0" borderWidth="1px" borderTop="rgba(0,0,0,255)" borderRight="rgba(0,0,0,255)" type="label" fontSize="10" textWrap="1" highlighting="" name="siape" autoHeight="0" borderColor="rgba(0,0,0,255)" borderStyle="solid" left="130" aligmentH="hLeft" width="366" borderBottom="rgba(0,0,0,255)" printing="1" fontBold="0" value="" fontColor="rgba(0,0,0,255)" height="46" format="" fontItalic="0" top="1"/>
      <TContainerField backgroundColor="rgba(255,255,255,255)" aligmentV="vCenter" fontFamily="MS Shell Dlg 2" borderLeft="rgba(0,0,0,255)" groupName="" fontUnderline="0" fontStrikeout="0" borderWidth="1px" borderTop="rgba(0,0,0,255)" borderRight="rgba(0,0,0,255)" type="label" fontSize="10" textWrap="1" highlighting="" name="email" autoHeight="0" borderColor="rgba(0,0,0,255)" borderStyle="solid" left="496" aligmentH="hLeft" width="263" borderBottom="rgba(0,0,0,255)" printing="1" fontBold="0" value="" fontColor="rgba(0,0,0,255)" height="46" format="" fontItalic="0" top="1"/>
    </ReportBand>
    <ReportBand left="40" type="MasterHeader" height="48" name="MasterHeaderBand" showInGroup="0" top="40" width="760">
      <TContainerField backgroundColor="rgba(255,255,255,255)" aligmentV="vCenter" fontFamily="MS Shell Dlg 2" borderLeft="rgba(0,0,0,255)" groupName="" fontUnderline="0" fontStrikeout="0" borderWidth="1px" borderTop="rgba(0,0,0,255)" borderRight="rgba(0,0,0,255)" type="label" fontSize="10" textWrap="1" highlighting="" name="field1" autoHeight="0" borderColor="rgba(0,0,0,255)" borderStyle="solid" left="1" aligmentH="hCenter" width="131" borderBottom="rgba(0,0,0,255)" printing="1" fontBold="0" value="SIAPE" fontColor="rgba(0,0,0,255)" height="46" format="" fontItalic="0" top="1"/>
      <TContainerField backgroundColor="rgba(255,255,255,255)" aligmentV="vCenter" fontFamily="MS Shell Dlg 2" borderLeft="rgba(0,0,0,255)" groupName="" fontUnderline="0" fontStrikeout="0" borderWidth="1px" borderTop="rgba(0,0,0,255)" borderRight="rgba(0,0,0,255)" type="label" fontSize="10" textWrap="1" highlighting="" name="field2" autoHeight="0" borderColor="rgba(0,0,0,255)" borderStyle="solid" left="132" aligmentH="hCenter" width="366" borderBottom="rgba(0,0,0,255)" printing="1" fontBold="0" value="Nome" fontColor="rgba(0,0,0,255)" height="46" format="" fontItalic="0" top="1"/>
      <TContainerField backgroundColor="rgba(255,255,255,255)" aligmentV="vCenter" fontFamily="MS Shell Dlg 2" borderLeft="rgba(0,0,0,255)" groupName="" fontUnderline="0" fontStrikeout="0" borderWidth="1px" borderTop="rgba(0,0,0,255)" borderRight="rgba(0,0,0,255)" type="label" fontSize="10" textWrap="1" highlighting="" name="field3" autoHeight="0" borderColor="rgba(0,0,0,255)" borderStyle="solid" left="498" aligmentH="hCenter" width="261" borderBottom="rgba(0,0,0,255)" printing="1" fontBold="0" value="E-mail" fontColor="rgba(0,0,0,255)" height="46" format="" fontItalic="0" top="1"/>
    </ReportBand>
  </Report>
</Reports>
